"CREATED_MONTH","CREATED_YEAR","RESOLVED_MONTH","RESOLVED_YEAR","DATA_FEED","NUM_IGNORED"
1,2020,1,2020,"PI_ST",25
1,2020,1,2020,"NG",82
1,2020,1,2020,"BV",91
1,2020,2,2020,"PI_GA",40
1,2020,3,2020,"CUW",1
1,2020,1,2020,"VCT",5
1,2020,3,2020,"DB",3
1,2020,4,2020,"PH",2
1,2020,2,2020,"PH",2
1,2020,5,2020,"CS",1
1,2020,3,2020,"IR",2
1,2020,1,2020,"CAN",1
1,2020,1,2020,"BLZ",5
1,2020,9,2020,"PI_SM",1
1,2020,3,2020,"BLACKSEA",155
1,2020,1,2020,"KIR",1
2,2020,8,2020,"PI_AM",1
2,2020,2,2020,"RINA",62
2,2020,2,2020,"PI_GA",20
2,2020,2,2020,"BLACKSEA",13
2,2020,2,2020,"TU",9
2,2020,6,2020,"PI_WE",3
2,2020,2,2020,"GIB",1
2,2020,2,2020,"VN",14
2,2020,4,2020,"IB",1
2,2020,8,2020,"TUR",5
2,2020,8,2020,"AMSA",1
2,2020,2,2020,"MLT",1
2,2020,4,2020,"HRV",1
3,2020,3,2020,"BLZ",6
3,2020,3,2020,"VUT",8
3,2020,3,2020,"AMSA",11
3,2020,8,2020,"VUT",1
3,2020,3,2020,"TGO",11
3,2020,4,2020,"NK",1
3,2020,9,2020,"PI_WE",17
3,2020,4,2020,"NG",6
3,2020,5,2020,"CS",1
3,2020,10,2020,"CS",1
3,2020,8,2020,"NG",9
3,2020,3,2020,"DB",16
3,2020,6,2020,"GIBSONS",1
3,2020,3,2020,"PI_CA",2
3,2020,6,2020,"MHL",1
4,2020,9,2020,"LBR",6
4,2020,8,2020,"LBR",4
4,2020,6,2020,"LBR",2
4,2020,5,2020,"VUT",2
4,2020,8,2020,"AMSA",1
4,2020,4,2020,"GIB",1
4,2020,9,2020,"NK",7
4,2020,5,2020,"NK",1
4,2020,8,2020,"PI_WE",16
4,2020,7,2020,"TU",3
4,2020,9,2020,"IR",1
4,2020,8,2020,"NIS",2
4,2020,8,2020,"KR",1
4,2020,9,2020,"KR",1
4,2020,10,2020,"PI_SK",2
4,2020,12,2020,"PI_SK",2
4,2020,8,2020,"NG",11
4,2020,4,2020,"CYP",2
4,2020,9,2020,"PI_SM",7
4,2020,9,2020,"CS",8
4,2020,4,2020,"CAN",3
4,2020,5,2020,"AMSA",1
5,2020,5,2020,"PLW",4
5,2020,9,2020,"LBR",3
5,2020,5,2020,"COK",1
5,2020,5,2020,"PI_SM",16
5,2020,6,2020,"NB",1
5,2020,9,2020,"BLACKSEA",31
5,2020,6,2020,"PI_WE",9
5,2020,6,2020,"NIS",1
5,2020,7,2020,"PI_ST",2
5,2020,8,2020,"VN",1
5,2020,8,2020,"NK",2
5,2020,8,2020,"AMSA",2
5,2020,5,2020,"DMA",1
5,2020,8,2020,"PI_SM",3
5,2020,6,2020,"AMSA",1
5,2020,8,2020,"TGO",1
6,2020,7,2020,"PI_AM",1
6,2020,6,2020,"DB",2
6,2020,6,2020,"MLT",5
6,2020,6,2020,"PI_GA",6
6,2020,6,2020,"NK",26
6,2020,9,2020,"NK",2
6,2020,8,2020,"VN",1
6,2020,8,2020,"CS",3
6,2020,9,2020,"KR",7
6,2020,6,2020,"KI",147
6,2020,9,2020,"KI",275
6,2020,8,2020,"KI",21
6,2020,12,2020,"PI_SM",1
6,2020,7,2020,"PI_SM",1
6,2020,7,2020,"RINA",8
6,2020,9,2020,"MHL",2
6,2020,7,2020,"FRO",1
6,2020,9,2020,"UKR",5
6,2020,12,2020,"UKR",1
6,2020,10,2020,"PI_GA",1
7,2020,9,2020,"LBR",6
7,2020,8,2020,"LBR",2
7,2020,10,2020,"BLACKSEA",63
7,2020,12,2020,"BLACKSEA",3
7,2020,9,2020,"PI_AM",2
7,2020,7,2020,"KI",15
7,2020,7,2020,"TGO",4
7,2020,7,2020,"PI_GA",19
7,2020,9,2020,"NB",1
7,2020,9,2020,"PI_SK",7
7,2020,8,2020,"PI_WE",7
7,2020,9,2020,"PI_WE",10
7,2020,11,2020,"CS",5
7,2020,10,2020,"CUW",2
7,2020,7,2020,"TU",2
7,2020,7,2020,"COK",3
7,2020,8,2020,"VUT",1
7,2020,8,2020,"PI_ST",20
7,2020,7,2020,"PLW",3
7,2020,10,2020,"MHL",1
7,2020,8,2020,"PI_SM",1
7,2020,8,2020,"GIBSONS",1
7,2020,9,2020,"GIBSONS",3
7,2020,7,2020,"RS",2
7,2020,12,2020,"VCT",1
8,2020,8,2020,"PI_SM",10
8,2020,2,2021,"BV",1
8,2020,11,2020,"CS",5
8,2020,12,2020,"CS",5
8,2020,11,2020,"BLACKSEA",12
8,2020,11,2020,"TUR",2
8,2020,8,2020,"MLT",5
8,2020,11,2020,"PI_WE",5
8,2020,10,2020,"PI_JS",3
8,2020,9,2020,"PI_ST",9
8,2020,10,2020,"GIB",1
8,2020,9,2020,"PLW",1
8,2020,11,2020,"VDM",22
9,2020,9,2020,"NK",36
9,2020,10,2020,"BV",42
9,2020,1,2021,"VCT",1
9,2020,10,2020,"PI_SC",61
9,2020,10,2020,"BLACKSEA",23
9,2020,10,2020,"PI_GA",16
9,2020,12,2020,"PI_SM",4
9,2020,12,2020,"TUR",5
9,2020,9,2020,"TUR",5
9,2020,9,2020,"AB",2
9,2020,12,2020,"GIB",1
9,2020,10,2020,"MLT",2
9,2020,11,2020,"PI_JS",1
9,2020,9,2020,"MLT",2
9,2020,11,2020,"GIBSONS",1
9,2020,9,2020,"GHOST_VESSEL",1
9,2020,10,2020,"PH",3
9,2020,12,2020,"FRO",2
9,2020,12,2020,"NG",22
9,2020,10,2020,"NG",36
10,2020,12,2020,"PI_GA",11
10,2020,10,2020,"CS",31
10,2020,12,2020,"PI_SC",2
10,2020,11,2020,"PI_SC",1
10,2020,1,2021,"PI_WE",1
10,2020,11,2020,"ECU",4
10,2020,11,2020,"AMSA",5
10,2020,12,2020,"PI_ST",2
10,2020,11,2020,"CS",1
10,2020,10,2020,"VN",2
10,2020,10,2020,"GEO",5
10,2020,10,2020,"BK",2
10,2020,11,2020,"BLACKSEA",91
10,2020,10,2020,"DB",3
11,2020,11,2020,"CS",16
11,2020,12,2020,"LBR",9
11,2020,11,2020,"NG",12
11,2020,11,2020,"MLT",4
11,2020,12,2020,"CS",2
11,2020,11,2020,"VZ",1
11,2020,12,2020,"AMSA",1
11,2020,1,2021,"PI_BR",1
12,2020,12,2020,"BV",53
12,2020,12,2020,"MHL",29
12,2020,12,2020,"DB",8
12,2020,1,2021,"PI_SC",1
12,2020,12,2020,"KP",5
12,2020,12,2020,"TU",4
12,2020,12,2020,"NB",1
12,2020,1,2021,"PLW",1
12,2020,1,2021,"PI_SK",1
12,2020,1,2021,"MHL",1
1,2021,1,2021,"PI_BM",9
1,2021,1,2021,"VCT",4
1,2021,2,2021,"RINA",2
1,2021,1,2021,"NK",63
1,2021,2,2021,"BLZ",1
1,2021,2,2021,"TUV",1
2,2021,2,2021,"BV",29
2,2021,2,2021,"NG",79
2,2021,2,2021,"PI_WE",28
2,2021,2,2021,"IOM",1
1,2020,1,2020,"KNA",2
1,2020,1,2020,"KR",26
1,2020,9,2020,"PI_GA",6
1,2020,2,2020,"BV",19
1,2020,1,2020,"MLT",9
1,2020,1,2020,"BLACKSEA",9
1,2020,1,2020,"RINA",25
1,2020,1,2020,"PI_JS",11
1,2020,9,2020,"NK",1
1,2020,8,2020,"NK",1
1,2020,3,2020,"VN",1
1,2020,4,2020,"NIS",2
1,2020,8,2020,"VUT",1
1,2020,4,2020,"PI_SM",2
1,2020,9,2020,"GIBSONS",4
1,2020,3,2020,"GIBSONS",19
1,2020,1,2020,"PAN",1
1,2020,6,2020,"TUV",1
2,2020,2,2020,"PI_JS",6
2,2020,2,2020,"PH",12
2,2020,2,2020,"LBR",14
2,2020,2,2020,"COK",6
2,2020,2,2020,"VUT",6
2,2020,3,2020,"MHL",3
2,2020,3,2020,"NB",1
2,2020,8,2020,"LBR",3
2,2020,8,2020,"BLACKSEA",3
2,2020,2,2020,"PI_LS",8
2,2020,7,2020,"KR",1
2,2020,2,2020,"NB",3
2,2020,12,2020,"NG",1
2,2020,8,2020,"NG",1
2,2020,3,2020,"MLT",2
2,2020,3,2020,"TUR",22
2,2020,4,2020,"PI_SK",1
2,2020,6,2020,"NG",1
2,2020,3,2020,"PLW",1
2,2020,3,2020,"KR",7
2,2020,2,2020,"DMA",1
2,2020,8,2020,"PI_ST",10
2,2020,3,2020,"MB",1
2,2020,4,2020,"MB",1
2,2020,3,2020,"IR",4
3,2020,3,2020,"NG",153
3,2020,3,2020,"KI",55
3,2020,3,2020,"BV",158
3,2020,3,2020,"PI_SM",55
3,2020,5,2020,"PI_AM",1
3,2020,9,2020,"LBR",2
3,2020,3,2020,"LBR",51
3,2020,4,2020,"BV",5
3,2020,3,2020,"PI_SK",2
3,2020,6,2020,"BLACKSEA",12
3,2020,3,2020,"PLW",14
3,2020,4,2020,"NB",1
3,2020,6,2020,"NG",4
3,2020,5,2020,"PI_WE",12
3,2020,10,2020,"PI_WE",1
3,2020,4,2020,"PI_WE",1
3,2020,3,2020,"RS",4
3,2020,4,2020,"CS",1
3,2020,9,2020,"CS",1
3,2020,8,2020,"PI_ST",3
3,2020,3,2020,"PI_NE",2
3,2020,3,2020,"CM",2
3,2020,3,2020,"GIB",1
3,2020,9,2020,"PI_SM",22
3,2020,8,2020,"PI_SM",25
3,2020,6,2020,"BV",1
3,2020,8,2020,"MHL",3
4,2020,4,2020,"AB",40
4,2020,4,2020,"BLZ",3
4,2020,4,2020,"PI_CA",5
4,2020,7,2020,"BLACKSEA",9
4,2020,7,2020,"PI_AM",3
4,2020,5,2020,"BV",14
4,2020,9,2020,"GEO",1
4,2020,4,2020,"NIS",4
4,2020,4,2020,"GHOST_VESSEL",3
4,2020,6,2020,"PI_ST",4
4,2020,7,2020,"PI_ST",7
4,2020,12,2020,"PI_ST",34
4,2020,1,2021,"PI_ST",2
4,2020,8,2020,"MHL",3
4,2020,11,2020,"NG",1
4,2020,9,2020,"NG",4
4,2020,4,2020,"KNA",3
4,2020,5,2020,"PI_SM",7
4,2020,8,2020,"CS",2
4,2020,4,2020,"KP",1
4,2020,5,2020,"MLT",2
5,2020,5,2020,"NK",37
5,2020,5,2020,"RINA",11
5,2020,5,2020,"AMSA",3
5,2020,6,2020,"PI_AM",6
5,2020,12,2020,"PI_AM",1
5,2020,8,2020,"PI_WE",7
5,2020,6,2020,"PI_ST",2
5,2020,6,2020,"NK",5
5,2020,7,2020,"NK",1
5,2020,9,2020,"KR",2
5,2020,6,2020,"TGO",4
6,2020,10,2020,"VUT",1
6,2020,10,2020,"LBR",1
6,2020,9,2020,"LBR",4
6,2020,6,2020,"TUR",10
6,2020,6,2020,"CS",19
6,2020,6,2020,"PI_JS",6
6,2020,7,2020,"KR",1
6,2020,8,2020,"KR",1
6,2020,9,2020,"NIS",1
6,2020,9,2020,"PI_ST",1
6,2020,8,2020,"PI_SK",2
6,2020,10,2020,"KI",21
6,2020,9,2020,"GIBSONS",1
6,2020,9,2020,"ML",2
6,2020,6,2020,"ML",2
6,2020,9,2020,"CM",1
6,2020,6,2020,"UKR",5
6,2020,7,2020,"MHL",1
6,2020,8,2020,"PI_GA",11
7,2020,10,2020,"IR",1
7,2020,7,2020,"BLZ",2
7,2020,9,2020,"NG",3
7,2020,10,2020,"LBR",1
7,2020,8,2020,"BLACKSEA",24
7,2020,10,2020,"IB",1
7,2020,7,2020,"GRC",2
7,2020,11,2020,"BV",1
7,2020,10,2020,"CS",9
7,2020,8,2020,"CUW",1
7,2020,10,2020,"PI_JS",1
7,2020,9,2020,"KR",2
7,2020,9,2020,"PI_ST",10
7,2020,10,2020,"GIBSONS",1
7,2020,7,2020,"DB",1
7,2020,7,2020,"UKR",1
7,2020,11,2020,"VCT",1
8,2020,8,2020,"KP",3
8,2020,9,2020,"BLACKSEA",29
8,2020,10,2020,"TGO",1
8,2020,11,2020,"MLT",1
8,2020,12,2020,"PI_WE",4
8,2020,12,2020,"PH",4
8,2020,9,2020,"KR",5
8,2020,8,2020,"VN",8
8,2020,8,2020,"PLW",5
8,2020,8,2020,"IOM",2
9,2020,9,2020,"CYP",2
9,2020,10,2020,"LBR",8
9,2020,12,2020,"NB",2
9,2020,1,2021,"PI_SM",2
9,2020,9,2020,"NB",2
9,2020,12,2020,"PI_WE",7
9,2020,9,2020,"NIS",1
9,2020,11,2020,"PI_BM",27
9,2020,12,2020,"PI_BM",5
9,2020,12,2020,"PI_SC",15
9,2020,12,2020,"CS",3
9,2020,10,2020,"VDM",55
9,2020,9,2020,"VDM",7
9,2020,10,2020,"GIBSONS",1
10,2020,12,2020,"BV",11
10,2020,11,2020,"BV",7
10,2020,11,2020,"PI_AM",1
10,2020,12,2020,"NK",5
10,2020,11,2020,"MHL",1
10,2020,10,2020,"PI_JS",6
10,2020,11,2020,"PI_JS",5
10,2020,12,2020,"ECU",1
10,2020,12,2020,"IR",2
10,2020,10,2020,"PR",6
10,2020,11,2020,"RINA",5
10,2020,10,2020,"GIBSONS",5
10,2020,10,2020,"NB",1
10,2020,1,2021,"VCT",1
11,2020,12,2020,"PI_BM",6
11,2020,12,2020,"PI_SC",1
11,2020,11,2020,"PI_BM",18
11,2020,11,2020,"DB",4
11,2020,11,2020,"PI_SK",11
11,2020,2,2021,"NK",1
11,2020,11,2020,"NB",1
11,2020,12,2020,"GIBSONS",1
12,2020,12,2020,"PI_WE",30
12,2020,12,2020,"PI_ST",27
12,2020,12,2020,"PI_JS",12
12,2020,1,2021,"LBR",1
12,2020,12,2020,"TGO",8
12,2020,12,2020,"MLT",5
12,2020,12,2020,"RS",1
12,2020,12,2020,"VCT",1
12,2020,1,2021,"PI_BM",1
12,2020,12,2020,"BLZ",3
12,2020,1,2021,"CS",1
1,2021,1,2021,"PI_AM",22
1,2021,1,2021,"BV",63
1,2021,1,2021,"PI_SK",19
1,2021,1,2021,"TUR",5
1,2021,1,2021,"RINA",34
1,2021,1,2021,"PI_ST",65
1,2021,2,2021,"PI_ST",1
1,2021,1,2021,"PI_JS",20
1,2021,1,2021,"PI_SM",38
1,2021,2,2021,"KI",4
1,2021,2,2021,"MHL",1
2,2021,2,2021,"LBR",42
2,2021,2,2021,"UKR",1
1,2020,3,2020,"PI_AM",7
1,2020,9,2020,"PI_AM",1
1,2020,3,2020,"PI_GA",121
1,2020,1,2020,"PI_GA",61
1,2020,5,2020,"PI_GA",2
1,2020,1,2020,"ML",2
1,2020,1,2020,"TU",5
1,2020,2,2020,"DB",2
1,2020,7,2020,"BV",1
1,2020,3,2020,"GEO",15
1,2020,2,2020,"GEO",4
1,2020,2,2020,"IR",2
1,2020,2,2020,"PI_JS",3
1,2020,1,2020,"TGO",3
1,2020,3,2020,"VUT",6
1,2020,1,2020,"LUX",2
1,2020,3,2020,"KR",3
1,2020,2,2020,"RINA",31
1,2020,3,2020,"RINA",13
1,2020,1,2020,"GIBSONS",1
2,2020,4,2020,"PI_LS",1
2,2020,2,2020,"NK",37
2,2020,7,2020,"BV",1
2,2020,3,2020,"AMSA",6
2,2020,3,2020,"LBR",6
2,2020,12,2020,"LBR",1
2,2020,3,2020,"BLACKSEA",136
2,2020,4,2020,"PI_WE",3
2,2020,4,2020,"NK",2
2,2020,3,2020,"CS",9
2,2020,9,2020,"NIS",2
2,2020,2,2020,"CAN",5
2,2020,2,2020,"DB",1
2,2020,4,2020,"PI_ST",21
2,2020,3,2020,"PI_SM",2
2,2020,2,2020,"MB",1
3,2020,3,2020,"TUV",7
3,2020,3,2020,"NK",89
3,2020,3,2020,"PI_JS",16
3,2020,5,2020,"LBR",2
3,2020,3,2020,"MHL",37
3,2020,9,2020,"VCT",1
3,2020,5,2020,"VUT",1
3,2020,8,2020,"BLACKSEA",43
3,2020,9,2020,"BLACKSEA",18
3,2020,6,2020,"NK",4
3,2020,11,2020,"NK",1
3,2020,6,2020,"PI_JS",2
3,2020,7,2020,"PI_WE",4
3,2020,3,2020,"GRC",3
3,2020,8,2020,"CS",3
3,2020,9,2020,"NIS",1
3,2020,6,2020,"AMSA",1
3,2020,6,2020,"MLT",1
3,2020,3,2020,"ATG",1
3,2020,4,2020,"PI_SM",9
3,2020,3,2020,"IB",1
4,2020,4,2020,"PI_SM",37
4,2020,4,2020,"PI_WE",28
4,2020,4,2020,"PI_LS",6
4,2020,10,2020,"KIR",1
4,2020,4,2020,"LBR",9
4,2020,4,2020,"BLACKSEA",25
4,2020,6,2020,"PI_AM",4
4,2020,4,2020,"PAN",2
4,2020,4,2020,"VUT",4
4,2020,4,2020,"GRC",9
4,2020,9,2020,"BV",3
4,2020,4,2020,"MLT",3
4,2020,9,2020,"DB",1
4,2020,5,2020,"MHL",2
4,2020,5,2020,"IR",2
4,2020,11,2020,"VN",1
4,2020,8,2020,"PI_ST",20
4,2020,5,2020,"PI_GA",28
4,2020,8,2020,"PI_GA",54
4,2020,11,2020,"PI_GA",1
4,2020,5,2020,"KNA",1
4,2020,4,2020,"RS",2
4,2020,6,2020,"PI_SM",8
4,2020,6,2020,"LUX",1
4,2020,5,2020,"HRV",1
4,2020,5,2020,"KP",64
5,2020,5,2020,"GRC",4
5,2020,5,2020,"PI_KO",2
5,2020,9,2020,"BV",3
5,2020,8,2020,"BV",1
5,2020,5,2020,"PI_SK",32
5,2020,5,2020,"PI_GA",6
5,2020,8,2020,"TUR",2
5,2020,12,2020,"NG",1
5,2020,8,2020,"NG",2
5,2020,9,2020,"CS",26
5,2020,9,2020,"PI_ST",4
5,2020,10,2020,"NK",1
5,2020,8,2020,"MHL",2
5,2020,5,2020,"CARIBBEAN",1
5,2020,10,2020,"KR",2
5,2020,5,2020,"VUT",3
5,2020,9,2020,"IB",1
5,2020,5,2020,"PH",1
5,2020,9,2020,"PI_SM",7
5,2020,12,2020,"KR",1
6,2020,6,2020,"MB",2
6,2020,6,2020,"PI_SK",23
6,2020,8,2020,"NB",2
6,2020,6,2020,"NB",2
6,2020,6,2020,"BLACKSEA",5
6,2020,6,2020,"RINA",45
6,2020,11,2020,"PI_WE",1
6,2020,10,2020,"PI_WE",1
6,2020,7,2020,"PI_ST",1
6,2020,9,2020,"NG",6
6,2020,9,2020,"PI_SK",4
6,2020,6,2020,"CAN",1
6,2020,8,2020,"PI_SM",7
6,2020,9,2020,"PI_SM",2
6,2020,9,2020,"CS",3
6,2020,9,2020,"RINA",6
6,2020,11,2020,"RINA",1
6,2020,7,2020,"PI_GA",15
7,2020,7,2020,"BLACKSEA",6
7,2020,7,2020,"BV",39
7,2020,9,2020,"TGO",2
7,2020,7,2020,"TUR",10
7,2020,7,2020,"KR",9
7,2020,7,2020,"PI_SK",39
7,2020,12,2020,"BV",3
7,2020,10,2020,"KR",4
7,2020,8,2020,"TUR",1
7,2020,11,2020,"BLACKSEA",5
7,2020,7,2020,"TUV",1
7,2020,10,2020,"VN",1
7,2020,8,2020,"CYP",1
7,2020,8,2020,"CS",2
7,2020,11,2020,"UKR",1
7,2020,9,2020,"MLT",1
8,2020,10,2020,"IOM",1
8,2020,9,2020,"KI",2
8,2020,8,2020,"PI_WE",19
8,2020,10,2020,"LBR",2
8,2020,8,2020,"GRC",1
8,2020,8,2020,"TGO",4
8,2020,10,2020,"TUR",1
8,2020,8,2020,"NK",53
8,2020,9,2020,"PH",31
8,2020,8,2020,"TUR",3
8,2020,11,2020,"PH",1
8,2020,11,2020,"KR",1
8,2020,8,2020,"NG",33
8,2020,12,2020,"PI_SK",1
8,2020,8,2020,"KNA",4
8,2020,8,2020,"RINA",10
8,2020,10,2020,"PI_ST",5
8,2020,10,2020,"PI_SK",2
9,2020,9,2020,"PI_SK",124
9,2020,11,2020,"CS",3
9,2020,12,2020,"KR",2
9,2020,11,2020,"PI_GA",8
9,2020,11,2020,"BLACKSEA",17
9,2020,10,2020,"TUR",4
9,2020,12,2020,"NK",8
9,2020,10,2020,"PI_BM",8
9,2020,12,2020,"PI_ST",6
9,2020,12,2020,"PI_SK",5
9,2020,12,2020,"RINA",2
9,2020,10,2020,"DMA",1
9,2020,11,2020,"VDM",43
9,2020,11,2020,"FRO",4
9,2020,11,2020,"NG",22
10,2020,10,2020,"GHOST_VESSEL",1
10,2020,10,2020,"PI_SK",15
10,2020,10,2020,"PI_SM",8
10,2020,11,2020,"PI_SK",3
10,2020,11,2020,"NK",9
10,2020,10,2020,"PLW",5
10,2020,10,2020,"KI",19
10,2020,11,2020,"KR",2
10,2020,12,2020,"VN",1
10,2020,11,2020,"PI_BM",46
10,2020,12,2020,"PR",12
10,2020,12,2020,"KI",58
10,2020,12,2020,"AMSA",3
11,2020,11,2020,"PI_AM",5
11,2020,11,2020,"PH",1
11,2020,11,2020,"TUR",3
11,2020,12,2020,"PI_WE",1
11,2020,11,2020,"AMSA",1
12,2020,12,2020,"KR",15
12,2020,12,2020,"COK",3
12,2020,12,2020,"IR",7
12,2020,12,2020,"GIBSONS",2
12,2020,12,2020,"UKR",2
1,2021,1,2021,"TU",1
1,2021,1,2021,"LBR",47
1,2021,1,2021,"PI_SC",18
1,2021,1,2021,"CS",35
1,2021,2,2021,"TUR",1
1,2021,1,2021,"VUT",2
1,2021,1,2021,"LR",76
1,2021,2,2021,"GIBSONS",2
1,2021,2,2021,"PI_SK",14
2,2021,2,2021,"MHL",15
2,2021,2,2021,"PI_AM",14
2,2021,2,2021,"CS",13
2,2021,2,2021,"CYP",2
2,2021,2,2021,"PR",1
1,2020,3,2020,"PI_LS",1
1,2020,1,2020,"NIS",6
1,2020,1,2020,"AB",28
1,2020,1,2020,"AMSA",11
1,2020,1,2020,"PI_SM",12
1,2020,11,2020,"LBR",1
1,2020,1,2020,"DB",9
1,2020,3,2020,"MLT",2
1,2020,1,2020,"CS",28
1,2020,9,2020,"PI_WE",1
1,2020,2,2020,"NK",2
1,2020,3,2020,"AMSA",3
1,2020,8,2020,"FRA",2
1,2020,3,2020,"VZ",1
1,2020,2,2020,"BLACKSEA",18
1,2020,8,2020,"BLACKSEA",3
1,2020,2,2020,"COK",15
1,2020,7,2020,"COK",1
1,2020,3,2020,"PLW",3
1,2020,1,2020,"PLW",13
1,2020,1,2020,"GRC",2
1,2020,1,2020,"RS",1
2,2020,5,2020,"BV",1
2,2020,4,2020,"BV",2
2,2020,3,2020,"VUT",2
2,2020,3,2020,"TU",1
2,2020,2,2020,"CS",13
2,2020,2,2020,"NIS",6
2,2020,2,2020,"MHL",14
2,2020,2,2020,"TUR",149
2,2020,5,2020,"LBR",1
2,2020,5,2020,"PI_WE",4
2,2020,5,2020,"NK",1
2,2020,3,2020,"TGO",4
2,2020,3,2020,"VN",2
2,2020,2,2020,"IOM",3
2,2020,8,2020,"BK",1
2,2020,2,2020,"TUV",4
2,2020,10,2020,"TUR",2
2,2020,2,2020,"VDM",1
2,2020,2,2020,"VCT",1
2,2020,2,2020,"PI_KO",2
2,2020,4,2020,"PI_SM",4
2,2020,5,2020,"PI_SM",1
2,2020,4,2020,"IR",1
3,2020,3,2020,"KR",54
3,2020,3,2020,"BLACKSEA",46
3,2020,3,2020,"CS",20
3,2020,11,2020,"PI_AM",1
3,2020,8,2020,"LBR",2
3,2020,7,2020,"LBR",1
3,2020,5,2020,"BLACKSEA",15
3,2020,9,2020,"IR",1
3,2020,9,2020,"NK",4
3,2020,8,2020,"TUR",3
3,2020,7,2020,"TUR",1
3,2020,5,2020,"TUR",1
3,2020,4,2020,"KR",1
3,2020,3,2020,"PH",8
3,2020,5,2020,"PI_ST",1
3,2020,3,2020,"GEO",1
3,2020,11,2020,"PI_SM",1
3,2020,6,2020,"PI_SM",3
3,2020,9,2020,"MHL",1
3,2020,7,2020,"VCT",1
4,2020,4,2020,"BV",135
4,2020,4,2020,"PI_AM",23
4,2020,4,2020,"PI_SK",95
4,2020,5,2020,"LBR",5
4,2020,4,2020,"IB",5
4,2020,4,2020,"PLW",6
4,2020,4,2020,"COK",9
4,2020,11,2020,"NK",1
4,2020,5,2020,"TU",60
4,2020,4,2020,"VDM",2
4,2020,4,2020,"PI_JS",1
4,2020,7,2020,"VN",1
4,2020,5,2020,"PI_SK",42
4,2020,7,2020,"PI_SK",3
4,2020,5,2020,"CS",2
4,2020,6,2020,"NG",11
4,2020,5,2020,"NG",15
4,2020,4,2020,"ML",2
4,2020,5,2020,"TGO",5
4,2020,4,2020,"CS",8
4,2020,8,2020,"KP",80
4,2020,11,2020,"KP",3
4,2020,12,2020,"KP",1
5,2020,6,2020,"TUV",1
5,2020,6,2020,"LBR",9
5,2020,8,2020,"LBR",1
5,2020,8,2020,"PI_AM",3
5,2020,5,2020,"KP",5
5,2020,9,2020,"MHL",6
5,2020,8,2020,"BLACKSEA",73
5,2020,9,2020,"PI_WE",4
5,2020,7,2020,"NG",2
5,2020,8,2020,"KR",3
5,2020,6,2020,"PI_JS",4
5,2020,6,2020,"PI_SK",2
5,2020,7,2020,"CS",2
5,2020,8,2020,"PI_SK",1
6,2020,9,2020,"BV",5
6,2020,7,2020,"BLACKSEA",14
6,2020,6,2020,"NIS",1
6,2020,7,2020,"VN",1
6,2020,6,2020,"PI_ST",41
6,2020,6,2020,"GHOST_VESSEL",2
6,2020,7,2020,"PI_SK",1
6,2020,11,2020,"PI_SK",1
6,2020,7,2020,"UKR",2
7,2020,7,2020,"AMSA",6
7,2020,10,2020,"NG",2
7,2020,12,2020,"LBR",1
7,2020,7,2020,"IOM",8
7,2020,12,2020,"CS",2
7,2020,10,2020,"PI_WE",7
7,2020,10,2020,"NK",1
7,2020,8,2020,"MHL",2
7,2020,8,2020,"PI_JS",3
7,2020,7,2020,"PI_ST",17
7,2020,7,2020,"PH",2
7,2020,7,2020,"PR",1
7,2020,8,2020,"PI_GA",3
7,2020,10,2020,"PI_GA",3
7,2020,8,2020,"KR",1
8,2020,8,2020,"VUT",7
8,2020,8,2020,"AB",1
8,2020,8,2020,"PI_AM",8
8,2020,8,2020,"PI_SK",40
8,2020,10,2020,"BV",4
8,2020,9,2020,"MHL",4
8,2020,9,2020,"KP",13
8,2020,8,2020,"PI_GA",33
8,2020,12,2020,"BLACKSEA",7
8,2020,9,2020,"TGO",1
8,2020,9,2020,"NK",7
8,2020,10,2020,"PH",15
8,2020,8,2020,"GEO",1
8,2020,8,2020,"IB",1
8,2020,9,2020,"VN",4
8,2020,10,2020,"AMSA",1
8,2020,8,2020,"VDM",2
8,2020,12,2020,"RINA",4
8,2020,10,2020,"RINA",8
9,2020,9,2020,"CS",71
9,2020,9,2020,"PI_ST",27
9,2020,9,2020,"PH",13
9,2020,10,2020,"AMSA",1
9,2020,11,2020,"LBR",2
9,2020,12,2020,"IR",1
9,2020,12,2020,"BLACKSEA",5
9,2020,11,2020,"CUW",1
9,2020,9,2020,"LUX",1
9,2020,9,2020,"KNA",1
9,2020,9,2020,"IB",3
9,2020,11,2020,"KR",1
9,2020,9,2020,"KP",1
9,2020,10,2020,"DB",14
9,2020,9,2020,"PI_LS",2
10,2020,10,2020,"RINA",19
10,2020,10,2020,"NK",21
10,2020,10,2020,"MLT",4
10,2020,12,2020,"TUR",7
10,2020,11,2020,"PH",3
10,2020,10,2020,"CYP",2
10,2020,12,2020,"PI_BM",21
10,2020,10,2020,"MHL",19
10,2020,11,2020,"KI",6
10,2020,10,2020,"BLZ",1
10,2020,12,2020,"KP",6
11,2020,12,2020,"PI_SK",11
11,2020,12,2020,"VUT",2
11,2020,12,2020,"TGO",1
11,2020,11,2020,"MHL",14
11,2020,12,2020,"DB",6
11,2020,11,2020,"PI_SM",7
11,2020,11,2020,"PI_SC",3
11,2020,12,2020,"TUR",1
11,2020,12,2020,"NK",10
11,2020,11,2020,"PI_BR",12
11,2020,11,2020,"KI",1
11,2020,12,2020,"KR",1
12,2020,12,2020,"LBR",11
12,2020,12,2020,"KI",26
12,2020,1,2021,"NK",1
12,2020,12,2020,"DMA",1
12,2020,2,2021,"LR",2
12,2020,1,2021,"GEO",1
1,2021,1,2021,"PI_WE",54
1,2021,1,2021,"AMSA",7
1,2021,1,2021,"MLT",4
1,2021,1,2021,"DMA",1
1,2021,2,2021,"PI_SM",10
2,2021,2,2021,"TU",3
2,2021,2,2021,"PI_SK",9
2,2021,2,2021,"BLZ",3
2,2021,2,2021,"VCT",1
1,2020,1,2020,"PI_CA",5
1,2020,1,2020,"PI_WE",33
1,2020,1,2020,"LBR",28
1,2020,7,2020,"PI_GA",1
1,2020,10,2020,"LBR",2
1,2020,4,2020,"LBR",1
1,2020,3,2020,"VCT",3
1,2020,9,2020,"BV",1
1,2020,3,2020,"BV",7
1,2020,1,2020,"CYP",4
1,2020,3,2020,"PH",6
1,2020,4,2020,"GEO",1
1,2020,8,2020,"PI_WE",4
1,2020,3,2020,"MHL",6
1,2020,2,2020,"CS",6
1,2020,3,2020,"PI_JS",7
1,2020,1,2020,"VN",10
1,2020,2,2020,"NIS",1
1,2020,1,2020,"VZ",1
1,2020,5,2020,"PI_SM",1
1,2020,5,2020,"GIBSONS",3
1,2020,4,2020,"GIBSONS",4
1,2020,2,2020,"GIBSONS",4
1,2020,5,2020,"BLACKSEA",3
1,2020,9,2020,"BLACKSEA",1
1,2020,1,2020,"PI_KO",1
1,2020,1,2020,"OV",1
2,2020,9,2020,"BV",1
2,2020,2,2020,"TGO",9
2,2020,3,2020,"PI_WE",42
2,2020,3,2020,"NK",10
2,2020,9,2020,"NK",1
2,2020,4,2020,"CS",2
2,2020,5,2020,"NIS",1
2,2020,4,2020,"VN",1
2,2020,7,2020,"NG",1
2,2020,2,2020,"GHOST_VESSEL",1
2,2020,2,2020,"VZ",2
2,2020,9,2020,"TUR",4
2,2020,3,2020,"COK",1
2,2020,9,2020,"PI_ST",3
2,2020,6,2020,"MLT",1
2,2020,5,2020,"PI_ST",1
3,2020,3,2020,"PI_ST",50
3,2020,3,2020,"COK",8
3,2020,3,2020,"NIU",1
3,2020,3,2020,"PI_AM",48
3,2020,3,2020,"CAN",6
3,2020,3,2020,"HRV",2
3,2020,4,2020,"BLACKSEA",12
3,2020,1,2021,"PI_WE",1
3,2020,8,2020,"PI_WE",11
3,2020,5,2020,"KR",3
3,2020,3,2020,"NIS",12
3,2020,6,2020,"PI_ST",2
3,2020,4,2020,"PI_ST",1
3,2020,9,2020,"PI_ST",1
3,2020,3,2020,"VZ",2
3,2020,7,2020,"PI_SM",1
3,2020,9,2020,"GIBSONS",2
3,2020,3,2020,"PAN",1
3,2020,4,2020,"VCT",1
3,2020,6,2020,"TUV",1
4,2020,4,2020,"IR",15
4,2020,4,2020,"PI_ST",20
4,2020,4,2020,"KI",99
4,2020,6,2020,"NB",1
4,2020,4,2020,"NB",4
4,2020,4,2020,"NIU",1
4,2020,4,2020,"PI_NE",5
4,2020,8,2020,"PI_AM",2
4,2020,4,2020,"TGO",9
4,2020,4,2020,"PH",6
4,2020,4,2020,"PI_GA",28
4,2020,8,2020,"VN",1
4,2020,5,2020,"PI_ST",9
4,2020,9,2020,"PI_ST",11
4,2020,4,2020,"AMSA",5
4,2020,10,2020,"PI_GA",2
4,2020,6,2020,"KNA",2
4,2020,8,2020,"PI_SM",2
4,2020,4,2020,"DMA",1
4,2020,9,2020,"KP",73
4,2020,9,2020,"MLT",1
4,2020,6,2020,"MLT",1
5,2020,5,2020,"KI",43
5,2020,5,2020,"PI_AM",15
5,2020,5,2020,"LBR",8
5,2020,9,2020,"PI_AM",1
5,2020,5,2020,"KNA",1
5,2020,5,2020,"CUW",1
5,2020,5,2020,"PAN",2
5,2020,5,2020,"BLACKSEA",7
5,2020,7,2020,"PI_WE",2
5,2020,9,2020,"NG",2
5,2020,6,2020,"CS",45
5,2020,8,2020,"PI_ST",8
5,2020,5,2020,"MHL",21
5,2020,5,2020,"PI_JS",6
5,2020,5,2020,"CS",32
5,2020,7,2020,"PI_SM",1
5,2020,12,2020,"CS",1
5,2020,6,2020,"MHL",2
6,2020,6,2020,"PI_AM",8
6,2020,6,2020,"BV",37
6,2020,7,2020,"BV",2
6,2020,8,2020,"BV",5
6,2020,8,2020,"BLACKSEA",78
6,2020,8,2020,"TUR",2
6,2020,8,2020,"NK",6
6,2020,12,2020,"NK",1
6,2020,9,2020,"PI_WE",7
6,2020,8,2020,"PI_WE",14
6,2020,8,2020,"NG",6
6,2020,8,2020,"AMSA",1
6,2020,7,2020,"CS",2
6,2020,6,2020,"COK",2
6,2020,9,2020,"PI_GA",10
7,2020,7,2020,"IR",9
7,2020,7,2020,"LBR",12
7,2020,11,2020,"LBR",2
7,2020,7,2020,"NK",19
7,2020,9,2020,"BV",6
7,2020,8,2020,"BV",2
7,2020,9,2020,"TUR",1
7,2020,10,2020,"TUR",1
7,2020,7,2020,"PAN",3
7,2020,9,2020,"NK",6
7,2020,7,2020,"VUT",2
7,2020,12,2020,"VN",1
7,2020,10,2020,"CYP",3
7,2020,7,2020,"CYP",3
7,2020,9,2020,"CS",8
7,2020,9,2020,"UKR",1
7,2020,9,2020,"PI_GA",5
7,2020,7,2020,"MLT",1
7,2020,12,2020,"AMSA",1
8,2020,8,2020,"COK",2
8,2020,11,2020,"PI_AM",1
8,2020,8,2020,"KR",11
8,2020,8,2020,"UKR",12
8,2020,11,2020,"AMSA",1
8,2020,11,2020,"PI_JS",1
8,2020,12,2020,"PI_ST",3
8,2020,8,2020,"AMSA",17
8,2020,11,2020,"PI_SK",3
8,2020,8,2020,"CYP",13
8,2020,8,2020,"RS",1
9,2020,9,2020,"PI_GA",38
9,2020,9,2020,"PI_SM",21
9,2020,12,2020,"PI_AM",1
9,2020,2,2021,"BV",1
9,2020,12,2020,"LBR",3
9,2020,10,2020,"KI",7
9,2020,10,2020,"PI_WE",15
9,2020,9,2020,"TU",3
9,2020,10,2020,"CUW",4
9,2020,12,2020,"AMSA",1
9,2020,10,2020,"VN",1
9,2020,12,2020,"DMA",1
9,2020,12,2020,"MHL",2
9,2020,11,2020,"TGO",2
10,2020,10,2020,"BV",65
10,2020,11,2020,"TUR",4
10,2020,10,2020,"VUT",3
10,2020,12,2020,"PI_WE",6
10,2020,11,2020,"PLW",1
10,2020,10,2020,"BHR",1
10,2020,10,2020,"BLACKSEA",28
10,2020,12,2020,"BLACKSEA",41
10,2020,11,2020,"PI_SM",2
10,2020,12,2020,"VUT",3
10,2020,10,2020,"DMA",2
11,2020,11,2020,"BV",21
11,2020,11,2020,"VUT",2
11,2020,11,2020,"PI_WE",11
11,2020,12,2020,"PI_JS",5
11,2020,12,2020,"PI_ST",4
11,2020,11,2020,"PI_GA",4
11,2020,1,2021,"PI_BM",1
11,2020,12,2020,"VCT",2
11,2020,2,2021,"VCT",1
12,2020,12,2020,"PLW",7
12,2020,12,2020,"NK",44
12,2020,12,2020,"VUT",1
12,2020,12,2020,"PI_SM",12
12,2020,12,2020,"BLACKSEA",1
12,2020,12,2020,"ML",1
12,2020,12,2020,"MB",2
1,2021,1,2021,"KI",1
1,2021,1,2021,"KR",15
1,2021,1,2021,"NB",3
1,2021,1,2021,"TGO",1
1,2021,2,2021,"KR",43
1,2021,2,2021,"VUT",1
1,2021,1,2021,"GHOST_VESSEL",1
2,2021,2,2021,"PLW",2
2,2021,2,2021,"VUT",1
2,2021,2,2021,"AMSA",4
2,2021,2,2021,"TGO",1
2,2021,2,2021,"FRA",3
1,2020,1,2020,"PI_LS",3
1,2020,1,2020,"GEO",13
1,2020,1,2020,"PI_AM",20
1,2020,4,2020,"PI_AM",2
1,2020,8,2020,"PI_GA",4
1,2020,4,2020,"HRV",1
1,2020,8,2020,"ML",1
1,2020,2,2020,"TU",1
1,2020,2,2020,"LBR",4
1,2020,9,2020,"DMA",1
1,2020,3,2020,"CYP",1
1,2020,3,2020,"PI_WE",23
1,2020,2,2020,"PI_WE",28
1,2020,7,2020,"PI_WE",1
1,2020,3,2020,"CS",12
1,2020,9,2020,"CS",5
1,2020,3,2020,"NIS",6
1,2020,2,2020,"KR",3
1,2020,1,2020,"KI",13
1,2020,2,2020,"NG",5
1,2020,4,2020,"NG",5
1,2020,5,2020,"IB",1
1,2020,1,2020,"IR",11
1,2020,3,2020,"PI_SM",23
1,2020,7,2020,"RINA",1
1,2020,3,2020,"CM",1
1,2020,4,2020,"BLACKSEA",23
1,2020,7,2020,"BLACKSEA",1
1,2020,4,2020,"BLZ",2
1,2020,1,2020,"COK",3
1,2020,6,2020,"KP",1
1,2020,8,2020,"KP",1
2,2020,5,2020,"PI_AM",1
2,2020,4,2020,"PI_AM",1
2,2020,8,2020,"BV",2
2,2020,9,2020,"LBR",6
2,2020,4,2020,"BLACKSEA",20
2,2020,2,2020,"BLZ",6
2,2020,8,2020,"PI_WE",9
2,2020,8,2020,"CS",1
2,2020,2,2020,"CYP",6
2,2020,2,2020,"AMSA",5
2,2020,3,2020,"NG",23
2,2020,4,2020,"NG",4
2,2020,5,2020,"NG",2
2,2020,11,2020,"PI_JS",1
2,2020,3,2020,"PI_JS",7
2,2020,2,2020,"KP",1
2,2020,8,2020,"CYP",1
2,2020,3,2020,"GIBSONS",1
2,2020,5,2020,"BLACKSEA",1
2,2020,4,2020,"FRO",1
3,2020,3,2020,"NB",6
3,2020,3,2020,"IOM",7
3,2020,5,2020,"DMA",1
3,2020,8,2020,"NK",5
3,2020,3,2020,"TU",8
3,2020,4,2020,"VN",1
3,2020,9,2020,"NG",4
3,2020,3,2020,"HV",1
3,2020,7,2020,"AMSA",1
4,2020,4,2020,"NK",39
4,2020,8,2020,"NB",1
4,2020,9,2020,"PI_AM",4
4,2020,7,2020,"VUT",1
4,2020,5,2020,"TUR",2
4,2020,6,2020,"NK",4
4,2020,9,2020,"PI_WE",12
4,2020,6,2020,"PI_WE",12
4,2020,5,2020,"PI_WE",8
4,2020,7,2020,"PI_WE",1
4,2020,9,2020,"MHL",2
4,2020,5,2020,"VDM",1
4,2020,6,2020,"IR",1
4,2020,9,2020,"NIS",1
4,2020,9,2020,"PI_SK",87
4,2020,6,2020,"PI_GA",58
4,2020,7,2020,"PI_GA",6
4,2020,4,2020,"HV",1
4,2020,8,2020,"PLW",1
4,2020,7,2020,"PI_SM",1
4,2020,9,2020,"LUX",1
4,2020,4,2020,"SYC",1
4,2020,6,2020,"KP",48
4,2020,10,2020,"KP",1
5,2020,5,2020,"MLT",3
5,2020,5,2020,"GHOST_VESSEL",3
5,2020,5,2020,"KR",31
5,2020,5,2020,"PI_WE",11
5,2020,11,2020,"BV",2
5,2020,5,2020,"TGO",4
5,2020,8,2020,"IR",1
5,2020,9,2020,"PI_SK",4
5,2020,7,2020,"AMSA",1
5,2020,10,2020,"BLACKSEA",1
5,2020,7,2020,"BV",1
5,2020,9,2020,"VUT",2
5,2020,9,2020,"AMSA",1
5,2020,8,2020,"FRA",6
5,2020,10,2020,"FRA",1
6,2020,6,2020,"KR",17
6,2020,6,2020,"MHL",18
6,2020,9,2020,"PI_AM",2
6,2020,7,2020,"MLT",1
6,2020,9,2020,"AMSA",1
6,2020,6,2020,"PI_SM",3
6,2020,6,2020,"TU",2
6,2020,6,2020,"BK",1
6,2020,6,2020,"PH",2
6,2020,7,2020,"KI",26
7,2020,7,2020,"KP",2
7,2020,10,2020,"PI_AM",7
7,2020,9,2020,"GEO",1
7,2020,7,2020,"NB",3
7,2020,8,2020,"NK",7
7,2020,7,2020,"VCT",2
7,2020,7,2020,"VZ",1
7,2020,9,2020,"VUT",3
7,2020,11,2020,"CYP",2
7,2020,10,2020,"PI_ST",5
7,2020,8,2020,"UKR",2
7,2020,12,2020,"UKR",1
7,2020,12,2020,"MHL",1
7,2020,9,2020,"PI_SM",2
8,2020,8,2020,"KI",42
8,2020,8,2020,"GIB",2
8,2020,8,2020,"DB",4
8,2020,10,2020,"IB",1
8,2020,11,2020,"NK",2
8,2020,12,2020,"NK",1
8,2020,9,2020,"PI_WE",12
8,2020,10,2020,"VN",2
8,2020,11,2020,"PI_ST",2
8,2020,8,2020,"VCT",4
8,2020,12,2020,"MHL",1
8,2020,10,2020,"VDM",43
8,2020,9,2020,"VDM",9
8,2020,11,2020,"RINA",4
8,2020,11,2020,"MHL",1
9,2020,9,2020,"AMSA",11
9,2020,9,2020,"RINA",30
9,2020,10,2020,"CS",7
9,2020,9,2020,"KI",25
9,2020,12,2020,"BV",14
9,2020,10,2020,"KR",2
9,2020,9,2020,"BLACKSEA",13
9,2020,12,2020,"PI_GA",10
9,2020,11,2020,"PI_WE",9
9,2020,10,2020,"NK",22
9,2020,11,2020,"NK",7
9,2020,11,2020,"PI_SC",42
9,2020,1,2021,"PI_SC",1
9,2020,11,2020,"MHL",3
9,2020,9,2020,"VCT",1
9,2020,11,2020,"PI_ST",11
9,2020,9,2020,"VUT",3
9,2020,10,2020,"PI_JS",3
9,2020,12,2020,"DB",4
9,2020,10,2020,"FRO",1
10,2020,10,2020,"PI_WE",26
10,2020,10,2020,"KR",10
10,2020,10,2020,"NG",12
10,2020,12,2020,"PI_AM",3
10,2020,10,2020,"VCT",5
10,2020,10,2020,"TUR",2
10,2020,10,2020,"PI_SC",18
10,2020,10,2020,"COK",36
10,2020,12,2020,"COK",1
10,2020,11,2020,"LBR",5
10,2020,11,2020,"PI_ST",4
10,2020,12,2020,"VDM",20
10,2020,11,2020,"PR",9
10,2020,10,2020,"PI_LS",2
10,2020,1,2021,"BLACKSEA",1
10,2020,11,2020,"GIBSONS",9
11,2020,11,2020,"PR",11
11,2020,12,2020,"TU",3
11,2020,12,2020,"NB",3
11,2020,11,2020,"PI_JS",9
11,2020,11,2020,"HV",1
11,2020,12,2020,"MHL",7
11,2020,11,2020,"CUW",2
12,2020,12,2020,"NG",12
12,2020,12,2020,"RINA",21
12,2020,12,2020,"PI_AM",14
12,2020,1,2021,"BV",5
12,2020,12,2020,"CUW",1
12,2020,12,2020,"PI_SK",46
12,2020,2,2021,"NK",2
12,2020,1,2021,"PI_WE",1
12,2020,12,2020,"PR",6
12,2020,1,2021,"LR",3
12,2020,12,2020,"LR",32
12,2020,2,2021,"PI_SK",1
1,2021,2,2021,"CS",7
1,2021,2,2021,"PLW",1
1,2021,2,2021,"VCT",2
2,2021,2,2021,"PI_BM",5
2,2021,2,2021,"KR",12
2,2021,2,2021,"PI_JS",3
2,2021,2,2021,"PI_ST",3
2,2021,2,2021,"RINA",1
2,2021,2,2021,"MLT",1
1,2020,1,2020,"NK",62
1,2020,2,2020,"TUV",1
1,2020,4,2020,"PI_GA",20
1,2020,5,2020,"HRV",1
1,2020,3,2020,"HRV",1
1,2020,1,2020,"TUV",3
1,2020,1,2020,"PH",13
1,2020,6,2020,"PH",1
1,2020,4,2020,"CS",4
1,2020,9,2020,"IR",2
1,2020,3,2020,"NK",9
1,2020,2,2020,"MHL",1
1,2020,3,2020,"NG",10
1,2020,5,2020,"NG",1
1,2020,9,2020,"NG",1
1,2020,2,2020,"FRA",2
1,2020,10,2020,"FRA",1
1,2020,4,2020,"RINA",2
1,2020,2,2020,"PI_SM",3
1,2020,7,2020,"GIBSONS",2
1,2020,8,2020,"GIBSONS",1
1,2020,1,2020,"FRA",1
1,2020,2,2020,"BLZ",5
1,2020,3,2020,"BLZ",4
1,2020,3,2020,"KP",11
1,2020,1,2020,"KP",4
2,2020,3,2020,"PI_LS",3
2,2020,2,2020,"PI_AM",23
2,2020,12,2020,"PI_AM",1
2,2020,2,2020,"BV",96
2,2020,2,2020,"NG",95
2,2020,2,2020,"AB",35
2,2020,9,2020,"PI_WE",9
2,2020,7,2020,"PI_WE",1
2,2020,8,2020,"NK",2
2,2020,3,2020,"NIS",1
2,2020,9,2020,"NG",3
2,2020,2,2020,"BK",4
2,2020,2,2020,"GIBSONS",1
2,2020,4,2020,"GIBSONS",1
2,2020,3,2020,"PI_ST",147
2,2020,10,2020,"PI_ST",1
2,2020,6,2020,"PI_ST",1
2,2020,7,2020,"PI_ST",2
2,2020,2,2020,"ECU",1
2,2020,4,2020,"LUX",2
3,2020,3,2020,"VCT",12
3,2020,3,2020,"LUX",11
3,2020,3,2020,"IR",14
3,2020,5,2020,"BV",6
3,2020,8,2020,"BV",1
3,2020,3,2020,"PI_GA",26
3,2020,9,2020,"NB",1
3,2020,3,2020,"PI_WE",63
3,2020,6,2020,"CS",1
3,2020,3,2020,"BK",3
3,2020,6,2020,"VN",1
3,2020,3,2020,"OV",3
3,2020,5,2020,"PI_SM",5
3,2020,5,2020,"NG",2
3,2020,6,2020,"KR",1
4,2020,4,2020,"MHL",10
4,2020,4,2020,"RINA",36
4,2020,4,2020,"VCT",11
4,2020,6,2020,"BLACKSEA",19
4,2020,9,2020,"BLACKSEA",18
4,2020,8,2020,"VUT",1
4,2020,4,2020,"DB",8
4,2020,4,2020,"LUX",2
4,2020,4,2020,"TU",180
4,2020,11,2020,"TUR",1
4,2020,8,2020,"NK",3
4,2020,6,2020,"PI_SK",185
4,2020,4,2020,"IOM",1
4,2020,9,2020,"VDM",3
4,2020,8,2020,"IR",2
4,2020,5,2020,"NIS",1
4,2020,5,2020,"VN",4
4,2020,6,2020,"VN",3
4,2020,5,2020,"KR",6
4,2020,11,2020,"PI_SK",6
4,2020,4,2020,"VZ",1
4,2020,8,2020,"KNA",1
4,2020,11,2020,"BLACKSEA",2
4,2020,6,2020,"PLW",1
4,2020,6,2020,"CS",4
4,2020,7,2020,"KP",3
5,2020,5,2020,"TUV",1
5,2020,5,2020,"NG",32
5,2020,5,2020,"ECU",2
5,2020,5,2020,"VCT",9
5,2020,10,2020,"LBR",1
5,2020,5,2020,"IR",8
5,2020,5,2020,"TU",2
5,2020,10,2020,"BV",2
5,2020,5,2020,"AB",2
5,2020,5,2020,"PI_ST",10
5,2020,5,2020,"VN",13
5,2020,6,2020,"TUR",4
5,2020,6,2020,"NG",7
5,2020,8,2020,"CS",22
5,2020,9,2020,"NK",3
5,2020,7,2020,"KR",1
5,2020,6,2020,"BK",1
5,2020,9,2020,"PI_JS",4
5,2020,9,2020,"GIBSONS",1
5,2020,5,2020,"PI_NE",1
5,2020,9,2020,"FRA",10
5,2020,6,2020,"KR",2
6,2020,6,2020,"NG",28
6,2020,9,2020,"NB",3
6,2020,6,2020,"IR",4
6,2020,6,2020,"LBR",20
6,2020,6,2020,"AMSA",7
6,2020,10,2020,"PI_JS",1
6,2020,7,2020,"PI_WE",3
6,2020,6,2020,"PI_WE",14
6,2020,6,2020,"TGO",1
6,2020,6,2020,"VN",5
6,2020,8,2020,"PI_ST",17
6,2020,11,2020,"NG",1
6,2020,6,2020,"RS",1
6,2020,8,2020,"FRO",2
6,2020,6,2020,"IB",1
6,2020,7,2020,"VCT",1
7,2020,7,2020,"CS",58
7,2020,11,2020,"NG",1
7,2020,9,2020,"BLACKSEA",63
7,2020,7,2020,"PI_AM",18
7,2020,7,2020,"PI_SM",8
7,2020,7,2020,"ECU",2
7,2020,10,2020,"BV",4
7,2020,9,2020,"KI",2
7,2020,8,2020,"KI",2
7,2020,7,2020,"PI_WE",18
7,2020,7,2020,"MHL",9
7,2020,12,2020,"PI_WE",1
7,2020,7,2020,"CAN",7
7,2020,9,2020,"MHL",1
7,2020,9,2020,"VN",2
7,2020,7,2020,"LUX",1
7,2020,10,2020,"AMSA",2
7,2020,7,2020,"GHOST_VESSEL",4
7,2020,11,2020,"PI_GA",1
8,2020,12,2020,"BV",3
8,2020,11,2020,"LBR",1
8,2020,8,2020,"TU",2
8,2020,8,2020,"BLACKSEA",15
8,2020,12,2020,"TUR",1
8,2020,8,2020,"MHL",46
8,2020,10,2020,"NK",8
8,2020,10,2020,"PI_WE",14
8,2020,8,2020,"IR",6
8,2020,9,2020,"PI_JS",2
8,2020,8,2020,"PI_JS",12
8,2020,9,2020,"PI_SK",2
8,2020,9,2020,"GIB",1
8,2020,8,2020,"NB",1
8,2020,12,2020,"GIBSONS",1
8,2020,9,2020,"RINA",2
9,2020,9,2020,"NG",16
9,2020,9,2020,"PI_JS",9
9,2020,9,2020,"PLW",5
9,2020,9,2020,"LBR",19
9,2020,11,2020,"BV",7
9,2020,11,2020,"PI_SM",5
9,2020,9,2020,"IR",6
9,2020,10,2020,"TGO",1
9,2020,9,2020,"PI_BM",5
9,2020,9,2020,"PI_SC",16
9,2020,11,2020,"VN",1
9,2020,1,2021,"PI_BM",1
9,2020,12,2020,"PI_JS",5
9,2020,1,2021,"MHL",1
9,2020,9,2020,"UKR",2
9,2020,11,2020,"PH",2
9,2020,12,2020,"PH",1
9,2020,11,2020,"PI_SK",2
9,2020,12,2020,"VCT",1
10,2020,10,2020,"PH",3
10,2020,10,2020,"PI_ST",7
10,2020,11,2020,"PI_GA",9
10,2020,11,2020,"PI_WE",17
10,2020,10,2020,"TGO",3
10,2020,10,2020,"TUV",2
10,2020,12,2020,"PI_JS",2
10,2020,12,2020,"RINA",6
10,2020,12,2020,"ML",4
10,2020,10,2020,"MB",1
10,2020,11,2020,"KP",1
11,2020,1,2021,"PI_SC",1
11,2020,1,2021,"LBR",1
11,2020,12,2020,"KI",3
11,2020,11,2020,"VCT",4
11,2020,11,2020,"PI_ST",8
11,2020,2,2021,"PI_BR",1
11,2020,12,2020,"RINA",5
12,2020,12,2020,"CS",46
12,2020,1,2021,"PI_AM",1
12,2020,12,2020,"PI_SC",16
12,2020,12,2020,"PI_GA",7
12,2020,12,2020,"CAN",4
12,2020,12,2020,"AMSA",1
1,2021,2,2021,"LR",29
1,2021,1,2021,"GIBSONS",4
1,2021,2,2021,"FRO",9
2,2021,2,2021,"PI_SC",12
2,2021,2,2021,"DMA",1
2,2021,2,2021,"PI_SM",6
2,2021,2,2021,"LR",18
2,2021,2,2021,"FRO",1
1,2020,1,2020,"MHL",24
1,2020,5,2020,"PI_AM",1
1,2020,6,2020,"PI_GA",1
1,2020,3,2020,"ML",2
1,2020,3,2020,"TU",1
1,2020,3,2020,"LBR",6
1,2020,9,2020,"LBR",2
1,2020,4,2020,"PI_WE",12
1,2020,4,2020,"MHL",3
1,2020,8,2020,"CS",1
1,2020,1,2020,"PI_NE",5
1,2020,2,2020,"VN",1
1,2020,1,2020,"VUT",4
1,2020,1,2020,"TUR",4
1,2020,3,2020,"FRA",6
1,2020,2,2020,"MLT",2
1,2020,2,2020,"PLW",3
1,2020,2,2020,"KP",8
1,2020,1,2020,"SYC",2
1,2020,1,2020,"GHOST_VESSEL",1
2,2020,7,2020,"PI_LS",2
2,2020,3,2020,"PI_AM",6
2,2020,3,2020,"BV",14
2,2020,2,2020,"PI_ST",37
2,2020,2,2020,"PI_NE",8
2,2020,2,2020,"GRC",11
2,2020,2,2020,"KI",71
2,2020,2,2020,"HV",1
2,2020,2,2020,"RS",6
2,2020,2,2020,"IR",25
2,2020,2,2020,"KR",30
2,2020,10,2020,"NB",1
2,2020,6,2020,"LBR",1
2,2020,2,2020,"PLW",16
2,2020,2,2020,"PI_WE",58
2,2020,2,2020,"PI_SM",22
2,2020,2,2020,"GEO",7
2,2020,2,2020,"PI_CA",7
2,2020,4,2020,"TUR",7
2,2020,5,2020,"TUR",3
2,2020,3,2020,"CYP",5
2,2020,7,2020,"BLACKSEA",1
2,2020,2,2020,"ML",1
2,2020,3,2020,"FRO",5
2,2020,3,2020,"LUX",3
2,2020,9,2020,"IR",1
3,2020,3,2020,"AB",27
3,2020,3,2020,"MLT",12
3,2020,3,2020,"VN",32
3,2020,3,2020,"RINA",32
3,2020,4,2020,"PI_AM",5
3,2020,3,2020,"PI_LS",3
3,2020,3,2020,"TUR",11
3,2020,5,2020,"NK",2
3,2020,8,2020,"AMSA",3
3,2020,8,2020,"PI_JS",1
3,2020,11,2020,"PI_WE",2
3,2020,6,2020,"PI_WE",6
3,2020,9,2020,"KR",3
3,2020,3,2020,"CYP",12
3,2020,4,2020,"BK",1
3,2020,5,2020,"BK",1
3,2020,7,2020,"BLACKSEA",4
3,2020,3,2020,"VDM",1
3,2020,4,2020,"MLT",1
3,2020,12,2020,"PI_SM",1
3,2020,3,2020,"GIBSONS",1
3,2020,5,2020,"MHL",2
4,2020,4,2020,"KR",17
4,2020,4,2020,"NG",53
4,2020,4,2020,"VN",15
4,2020,5,2020,"BLACKSEA",27
4,2020,8,2020,"BLACKSEA",71
4,2020,4,2020,"ECU",1
4,2020,8,2020,"IB",1
4,2020,8,2020,"BV",6
4,2020,4,2020,"TUR",18
4,2020,6,2020,"BV",9
4,2020,6,2020,"TU",42
4,2020,5,2020,"DB",1
4,2020,8,2020,"VDM",2
4,2020,7,2020,"VDM",1
4,2020,8,2020,"PI_SK",14
4,2020,7,2020,"NG",1
4,2020,4,2020,"OV",3
4,2020,4,2020,"BEL",3
4,2020,10,2020,"TGO",1
4,2020,9,2020,"PI_GA",30
4,2020,4,2020,"PI_KO",1
4,2020,5,2020,"IB",1
4,2020,4,2020,"GEO",2
4,2020,6,2020,"TGO",3
5,2020,5,2020,"BV",91
5,2020,5,2020,"TUR",9
5,2020,5,2020,"BHR",1
5,2020,6,2020,"BV",5
5,2020,5,2020,"NIS",1
5,2020,7,2020,"BLACKSEA",14
5,2020,5,2020,"DB",4
5,2020,8,2020,"PI_JS",7
5,2020,6,2020,"BLACKSEA",8
5,2020,5,2020,"VZ",1
5,2020,8,2020,"VUT",2
5,2020,5,2020,"GEO",1
5,2020,6,2020,"PI_SM",4
6,2020,9,2020,"VUT",1
6,2020,8,2020,"LBR",8
6,2020,8,2020,"PI_AM",3
6,2020,10,2020,"BV",1
6,2020,9,2020,"BLACKSEA",45
6,2020,9,2020,"PI_JS",2
6,2020,8,2020,"IR",2
6,2020,6,2020,"VCT",6
6,2020,8,2020,"MHL",4
6,2020,10,2020,"PI_ST",1
6,2020,7,2020,"NG",3
6,2020,8,2020,"RINA",10
6,2020,8,2020,"ML",1
6,2020,10,2020,"ML",1
6,2020,8,2020,"UKR",13
6,2020,11,2020,"UKR",6
7,2020,7,2020,"NG",35
7,2020,7,2020,"RINA",9
7,2020,2,2021,"BV",2
7,2020,10,2020,"PI_SK",4
7,2020,9,2020,"PI_JS",2
7,2020,7,2020,"PI_JS",3
7,2020,7,2020,"VN",11
7,2020,10,2020,"KI",2
7,2020,10,2020,"MLT",1
7,2020,10,2020,"PI_SM",3
7,2020,7,2020,"GIBSONS",2
7,2020,7,2020,"BK",1
8,2020,9,2020,"VUT",4
8,2020,8,2020,"CS",80
8,2020,10,2020,"KI",1
8,2020,8,2020,"PI_ST",19
8,2020,8,2020,"BV",32
8,2020,9,2020,"BV",9
8,2020,10,2020,"CS",3
8,2020,8,2020,"LBR",32
8,2020,9,2020,"LBR",10
8,2020,10,2020,"KR",4
8,2020,10,2020,"MHL",3
8,2020,8,2020,"GHOST_VESSEL",4
8,2020,10,2020,"BLACKSEA",44
8,2020,12,2020,"TGO",1
8,2020,8,2020,"PH",21
8,2020,12,2020,"PI_JS",1
8,2020,9,2020,"CS",11
8,2020,8,2020,"NIS",4
8,2020,8,2020,"LUX",2
8,2020,8,2020,"FRO",1
8,2020,12,2020,"VDM",14
9,2020,9,2020,"BV",63
9,2020,9,2020,"MHL",46
9,2020,9,2020,"KR",32
9,2020,9,2020,"PI_WE",28
9,2020,9,2020,"PI_AM",17
9,2020,10,2020,"PI_SM",12
9,2020,9,2020,"VN",3
9,2020,11,2020,"IR",1
9,2020,10,2020,"PI_SK",5
9,2020,10,2020,"MHL",3
9,2020,9,2020,"TGO",2
9,2020,10,2020,"PI_ST",8
9,2020,12,2020,"VDM",15
9,2020,1,2021,"CS",1
9,2020,1,2021,"VDM",1
10,2020,10,2020,"LBR",25
10,2020,10,2020,"PI_AM",14
10,2020,10,2020,"PI_GA",19
10,2020,1,2021,"BV",1
10,2020,10,2020,"PI_BM",10
10,2020,12,2020,"MHL",2
10,2020,10,2020,"AMSA",7
10,2020,10,2020,"CM",2
10,2020,12,2020,"PH",3
10,2020,10,2020,"CUW",2
10,2020,12,2020,"LBR",13
10,2020,1,2021,"PI_BM",2
10,2020,10,2020,"GIB",1
10,2020,11,2020,"VDM",37
10,2020,12,2020,"PLW",1
10,2020,10,2020,"VDM",4
10,2020,1,2021,"KI",4
10,2020,12,2020,"PI_SM",2
10,2020,12,2020,"CS",1
11,2020,11,2020,"NK",14
11,2020,11,2020,"KR",21
11,2020,11,2020,"TU",4
11,2020,11,2020,"LBR",11
11,2020,11,2020,"TGO",3
11,2020,11,2020,"RINA",6
11,2020,2,2021,"MHL",1
11,2020,11,2020,"UKR",2
11,2020,12,2020,"PI_BR",59
12,2020,12,2020,"LUX",1
12,2020,12,2020,"PI_BM",16
12,2020,12,2020,"TUR",7
12,2020,12,2020,"PI_BR",15
12,2020,12,2020,"AB",1
12,2020,2,2021,"MHL",1
12,2020,12,2020,"VN",2
1,2021,1,2021,"MHL",21
1,2021,2,2021,"LBR",3
1,2021,1,2021,"CUW",8
1,2021,1,2021,"BK",3
1,2021,1,2021,"PLW",5
1,2021,2,2021,"PI_BM",1
2,2021,2,2021,"TUV",24
2,2021,2,2021,"KI",1
2,2021,2,2021,"IR",7
2,2021,2,2021,"TUR",3
2,2021,2,2021,"NK",38
2,2021,2,2021,"VN",1
